Run_ID,Run_Timestamp,Symbol,Date,Close_Price,Volume,Z_Score,Skewness,Kurtosis,ADF_p_value,Volume_Spike,Signal_Strength,Signal,Reason,Confidence,Logic,Factors,Buy_Logic,Sell_Logic,Validation_Message,Buy_Threshold,Sell_Threshold,Sector,Analysis_Timestamp,Tickers_Analyzed,Portfolio_Positions
579cdf2a,26-08-2025 02:27,MSFT,26-08-2025,504.24,1591965,-1.219965054,11.44369162,229.1961066,0.316113011,2.179952302,0.016982527,BUY,"BUY (MODERATE) - Ticker: MSFT, Z: -1.220, Threshold: -1.186",MODERATE,"BUY: Z-Score=-1.220, Threshold=-1.186, Strength=0.017","Z(-1.22), Threshold(-1.19/-0.72), Vol(2.18)","BUY: Z-Score=-1.220, Threshold=-1.186, Strength=0.017",,"Ticker-specific thresholds applied - Buy: -1.186, Sell: -0.717",-1.186,-0.717,Technology,26-08-2025 02:27,16,1
579cdf2a,26-08-2025 02:27,ASAN,26-08-2025,14.14,374378,-0.218854807,-0.411347586,9.982627145,0.410231959,3.295141955,-0.371072597,SELL,"SELL (HIGH) - Ticker: ASAN, Z: -0.219, Threshold: -0.961",HIGH,"SELL: Z-Score=-0.219, Threshold=-0.961, Strength=-0.371","Z(-0.22), Threshold(-2.36/-0.96), Vol(3.30)",,"SELL: Z-Score=-0.219, Threshold=-0.961, Strength=-0.371","Ticker-specific thresholds applied - Buy: -2.358, Sell: -0.961",-2.358,-0.961,Technology,26-08-2025 02:28,16,4
579cdf2a,26-08-2025 02:27,BABA,26-08-2025,124.32,849009,1.407559035,3.456262611,45.89052475,0.008516578,1.948077675,0,HOLD,"HOLD (LOW) - Ticker: BABA, Z: 1.408, Threshold: 1.643",LOW,"HOLD: Z-Score=1.408, Threshold=1.643, Strength=0.000","Z(1.41), Threshold(0.05/1.64), Vol(1.95)",,,"Ticker-specific thresholds applied - Buy: 0.050, Sell: 1.643",0.05,1.643,E-Commerce,26-08-2025 02:28,16,1
579cdf2a,26-08-2025 02:27,BW,26-08-2025,1.76,105226,2.077283922,0.540698976,3.59483522,0.955395739,2.038748588,0,HOLD,"HOLD (LOW) - Ticker: BW, Z: 2.077, Threshold: 3.281",LOW,"HOLD: Z-Score=2.077, Threshold=3.281, Strength=0.000","Z(2.08), Threshold(1.12/3.28), Vol(2.04)",,,"Ticker-specific thresholds applied - Buy: 1.117, Sell: 3.281",1.117,3.281,Technology,26-08-2025 02:28,16,6
579cdf2a,26-08-2025 02:27,CVNA,26-08-2025,362.37,347769,1.093198789,12.27993363,269.847582,0.015469665,3.115738843,-0.902099395,SELL,"SELL (HIGH) - Ticker: CVNA, Z: 1.093, Threshold: -0.711",HIGH,"SELL: Z-Score=1.093, Threshold=-0.711, Strength=-0.902","Z(1.09), Threshold(-2.04/-0.71), Vol(3.12)",,"SELL: Z-Score=1.093, Threshold=-0.711, Strength=-0.902","Ticker-specific thresholds applied - Buy: -2.035, Sell: -0.711",-2.035,-0.711,E-Commerce,26-08-2025 02:28,16,2
579cdf2a,26-08-2025 02:27,GOOG,26-08-2025,209.26,2313443,1.7956714,1.119743438,15.15403068,0.683686766,3.173441064,0,HOLD,"HOLD (LOW) - Ticker: GOOG, Z: 1.796, Threshold: 2.044",LOW,"HOLD: Z-Score=1.796, Threshold=2.044, Strength=0.000","Z(1.80), Threshold(0.89/2.04), Vol(3.17)",,,"Ticker-specific thresholds applied - Buy: 0.885, Sell: 2.044",0.885,2.044,Technology,26-08-2025 02:27,16,1
579cdf2a,26-08-2025 02:27,HPE,26-08-2025,22.57,2372677,2.65925212,0.629148626,28.47829724,0.821008268,4.089282181,-1,SELL,"SELL (HIGH) - Ticker: HPE, Z: 2.659, Threshold: -0.461",HIGH,"SELL: Z-Score=2.659, Threshold=-0.461, Strength=-1.000","Z(2.66), Threshold(-0.46/-0.46), Vol(4.09)",,"SELL: Z-Score=2.659, Threshold=-0.461, Strength=-1.000","Ticker-specific thresholds applied - Buy: -0.461, Sell: -0.461",-0.461,-0.461,Hardware,26-08-2025 02:28,16,3
579cdf2a,26-08-2025 02:27,JMIA,26-08-2025,8.235,274251,1.809236636,10.32238943,186.2253296,0.92277206,1.767734086,0,HOLD,"HOLD (LOW) - Ticker: JMIA, Z: 1.809, Threshold: 3.792",LOW,"HOLD: Z-Score=1.809, Threshold=3.792, Strength=0.000","Z(1.81), Threshold(1.22/3.79), Vol(1.77)",,,"Ticker-specific thresholds applied - Buy: 1.222, Sell: 3.792",1.222,3.792,E-Commerce,26-08-2025 02:28,16,6
579cdf2a,26-08-2025 02:27,NVDA,26-08-2025,179.81,11668472,0.745222369,1.192439349,32.74865188,0.031971685,2.177054006,0,HOLD,"HOLD (LOW) - Ticker: NVDA, Z: 0.745, Threshold: 1.637",LOW,"HOLD: Z-Score=0.745, Threshold=1.637, Strength=0.000","Z(0.75), Threshold(-0.10/1.64), Vol(2.18)",,,"Ticker-specific thresholds applied - Buy: -0.101, Sell: 1.637",-0.101,1.637,Technology,26-08-2025 02:28,16,1
579cdf2a,26-08-2025 02:27,PATH,26-08-2025,11.03,1215360,-0.756527117,-0.539328736,8.902478046,0.716540207,4.016222559,0,HOLD,"HOLD (LOW) - Ticker: PATH, Z: -0.757, Threshold: -0.717",LOW,"HOLD: Z-Score=-0.757, Threshold=-0.717, Strength=0.000","Z(-0.76), Threshold(-1.37/-0.72), Vol(4.02)",,,"Ticker-specific thresholds applied - Buy: -1.368, Sell: -0.717",-1.368,-0.717,Technology,26-08-2025 02:27,16,0
579cdf2a,26-08-2025 02:27,PLTR,26-08-2025,157.16,4071981,-0.460957642,1.295742403,51.54787296,0.489041154,1.240319069,-0.008521179,SELL,"SELL (MODERATE) - Ticker: PLTR, Z: -0.461, Threshold: -0.478",MODERATE,"SELL: Z-Score=-0.461, Threshold=-0.478, Strength=-0.009","Z(-0.46), Threshold(-1.19/-0.48), Vol(1.24)",,"SELL: Z-Score=-0.461, Threshold=-0.478, Strength=-0.009","Ticker-specific thresholds applied - Buy: -1.185, Sell: -0.478",-1.185,-0.478,Technology,26-08-2025 02:28,16,5
579cdf2a,26-08-2025 02:27,PTON,26-08-2025,7.5,1667631,0.369303859,2.629673387,27.07086497,0.58439171,6.717893117,0,HOLD,"HOLD (LOW) - Ticker: PTON, Z: 0.369, Threshold: 3.508",LOW,"HOLD: Z-Score=0.369, Threshold=3.508, Strength=0.000","Z(0.37), Threshold(0.17/3.51), Vol(6.72)",,,"Ticker-specific thresholds applied - Buy: 0.175, Sell: 3.508",0.175,3.508,Consumer,26-08-2025 02:28,16,6
579cdf2a,26-08-2025 02:27,RGTI,26-08-2025,14.47,1158523,-0.881771407,2.019103257,34.71673765,0.022601659,1.279018965,0,HOLD,"HOLD (LOW) - Ticker: RGTI, Z: -0.882, Threshold: -0.844",LOW,"HOLD: Z-Score=-0.882, Threshold=-0.844, Strength=0.000","Z(-0.88), Threshold(-1.01/-0.84), Vol(1.28)",,,"Ticker-specific thresholds applied - Buy: -1.006, Sell: -0.844",-1.006,-0.844,Technology,26-08-2025 02:27,16,0
579cdf2a,26-08-2025 02:27,TSLA,26-08-2025,346.62,4612131,1.978660388,-4.507510889,84.124881,0.265925481,1.577742325,0,HOLD,"HOLD (LOW) - Ticker: TSLA, Z: 1.979, Threshold: 2.324",LOW,"HOLD: Z-Score=1.979, Threshold=2.324, Strength=0.000","Z(1.98), Threshold(0.04/2.32), Vol(1.58)",,,"Ticker-specific thresholds applied - Buy: 0.039, Sell: 2.324",0.039,2.324,Technology,26-08-2025 02:28,16,6
579cdf2a,26-08-2025 02:27,TTD,26-08-2025,52.375,784250,-1.285020297,-18.65671401,482.3447228,0.82470979,2.713121091,0,HOLD,"HOLD (LOW) - Ticker: TTD, Z: -1.285, Threshold: -1.279",LOW,"HOLD: Z-Score=-1.285, Threshold=-1.279, Strength=0.000","Z(-1.29), Threshold(-1.86/-1.28), Vol(2.71)",,,"Ticker-specific thresholds applied - Buy: -1.858, Sell: -1.279",-1.858,-1.279,Technology,26-08-2025 02:28,16,5
579cdf2a,26-08-2025 02:27,TWLO,26-08-2025,104.57,225249,-0.98117061,-8.269666771,173.7633284,0.770377358,2.751957735,-0.106914695,SELL,"SELL (MODERATE) - Ticker: TWLO, Z: -0.981, Threshold: -1.195",MODERATE,"SELL: Z-Score=-0.981, Threshold=-1.195, Strength=-0.107","Z(-0.98), Threshold(-2.10/-1.20), Vol(2.75)",,"SELL: Z-Score=-0.981, Threshold=-1.195, Strength=-0.107","Ticker-specific thresholds applied - Buy: -2.105, Sell: -1.195",-2.105,-1.195,Technology,26-08-2025 02:28,16,6
eda607b9,26-08-2025 19:30,ASAN,26-08-2025,14.32,64441,0.065792088,-0.370200806,9.805936754,0.505036724,0.538233804,-0.513396044,SELL,"SELL (HIGH) - Ticker: ASAN, Z: 0.066, Threshold: -0.961",HIGH,"SELL: Z-Score=0.066, Threshold=-0.961, Strength=-0.513","Z(0.07), Threshold(-2.36/-0.96), Vol(0.54)",,"SELL: Z-Score=0.066, Threshold=-0.961, Strength=-0.513","Ticker-specific thresholds applied - Buy: -2.358, Sell: -0.961",-2.358,-0.961,Technology,26-08-2025 19:30,16,7
eda607b9,26-08-2025 19:30,BABA,26-08-2025,125.42,530990,1.740664452,3.440109875,45.61216257,0.012558349,1.144009265,-0.048832226,SELL,"SELL (MODERATE) - Ticker: BABA, Z: 1.741, Threshold: 1.643",MODERATE,"SELL: Z-Score=1.741, Threshold=1.643, Strength=-0.049","Z(1.74), Threshold(0.05/1.64), Vol(1.14)",,"SELL: Z-Score=1.741, Threshold=1.643, Strength=-0.049","Ticker-specific thresholds applied - Buy: 0.050, Sell: 1.643",0.05,1.643,E-Commerce,26-08-2025 19:30,16,4
eda607b9,26-08-2025 19:30,BW,26-08-2025,1.73,38035,1.948298211,0.544516054,3.59962048,0.942921943,0.724440173,0,HOLD,"HOLD (LOW) - Ticker: BW, Z: 1.948, Threshold: 3.281",LOW,"HOLD: Z-Score=1.948, Threshold=3.281, Strength=0.000","Z(1.95), Threshold(1.12/3.28), Vol(0.72)",,,"Ticker-specific thresholds applied - Buy: 1.117, Sell: 3.281",1.117,3.281,Technology,26-08-2025 19:31,16,10
eda607b9,26-08-2025 19:30,MSFT,26-08-2025,502.9199,550463,-1.352271709,11.44484058,229.3974494,0.337881013,0.729285858,0.083135854,BUY,"BUY (MODERATE) - Ticker: MSFT, Z: -1.352, Threshold: -1.186",MODERATE,"BUY: Z-Score=-1.352, Threshold=-1.186, Strength=0.083","Z(-1.35), Threshold(-1.19/-0.72), Vol(0.73)","BUY: Z-Score=-1.352, Threshold=-1.186, Strength=0.083",,"Ticker-specific thresholds applied - Buy: -1.186, Sell: -0.717",-1.186,-0.717,Technology,26-08-2025 19:30,16,3
eda607b9,26-08-2025 19:30,CVNA,26-08-2025,361.38,70611,1.015784813,12.29468703,270.4965286,0.014873706,0.598915926,-0.863392406,SELL,"SELL (HIGH) - Ticker: CVNA, Z: 1.016, Threshold: -0.711",HIGH,"SELL: Z-Score=1.016, Threshold=-0.711, Strength=-0.863","Z(1.02), Threshold(-2.04/-0.71), Vol(0.60)",,"SELL: Z-Score=1.016, Threshold=-0.711, Strength=-0.863","Ticker-specific thresholds applied - Buy: -2.035, Sell: -0.711",-2.035,-0.711,E-Commerce,26-08-2025 19:30,16,5
eda607b9,26-08-2025 19:30,GOOG,26-08-2025,207.19,1089975,1.506689536,1.086454876,14.91539925,0.572235477,1.375432346,0,HOLD,"HOLD (LOW) - Ticker: GOOG, Z: 1.507, Threshold: 2.044",LOW,"HOLD: Z-Score=1.507, Threshold=2.044, Strength=0.000","Z(1.51), Threshold(0.89/2.04), Vol(1.38)",,,"Ticker-specific thresholds applied - Buy: 0.885, Sell: 2.044",0.885,2.044,Technology,26-08-2025 19:30,16,3
eda607b9,26-08-2025 19:30,HPE,26-08-2025,22.525,165976,2.562555544,0.630435911,28.49684619,0.803844032,0.272315217,-1,SELL,"SELL (HIGH) - Ticker: HPE, Z: 2.563, Threshold: -0.461",HIGH,"SELL: Z-Score=2.563, Threshold=-0.461, Strength=-1.000","Z(2.56), Threshold(-0.46/-0.46), Vol(0.27)",,"SELL: Z-Score=2.563, Threshold=-0.461, Strength=-1.000","Ticker-specific thresholds applied - Buy: -0.461, Sell: -0.461",-0.461,-0.461,Hardware,26-08-2025 19:30,16,6
eda607b9,26-08-2025 19:30,JMIA,26-08-2025,8.66,258189,2.105910044,10.24014008,184.2564215,0.958136679,1.564454785,0,HOLD,"HOLD (LOW) - Ticker: JMIA, Z: 2.106, Threshold: 3.792",LOW,"HOLD: Z-Score=2.106, Threshold=3.792, Strength=0.000","Z(2.11), Threshold(1.22/3.79), Vol(1.56)",,,"Ticker-specific thresholds applied - Buy: 1.222, Sell: 3.792",1.222,3.792,E-Commerce,26-08-2025 19:31,16,10
eda607b9,26-08-2025 19:30,NVDA,26-08-2025,179.5,9582097,0.678788479,1.19534513,32.82322689,0.030652914,1.675061265,0,HOLD,"HOLD (LOW) - Ticker: NVDA, Z: 0.679, Threshold: 1.637",LOW,"HOLD: Z-Score=0.679, Threshold=1.637, Strength=0.000","Z(0.68), Threshold(-0.10/1.64), Vol(1.68)",,,"Ticker-specific thresholds applied - Buy: -0.101, Sell: 1.637",-0.101,1.637,Technology,26-08-2025 19:30,16,3
eda607b9,26-08-2025 19:30,PATH,26-08-2025,11.085,140336,-0.679632939,-0.537877807,8.869944671,0.702522764,0.439180927,-0.018683531,SELL,"SELL (MODERATE) - Ticker: PATH, Z: -0.680, Threshold: -0.717",MODERATE,"SELL: Z-Score=-0.680, Threshold=-0.717, Strength=-0.019","Z(-0.68), Threshold(-1.37/-0.72), Vol(0.44)",,"SELL: Z-Score=-0.680, Threshold=-0.717, Strength=-0.019","Ticker-specific thresholds applied - Buy: -1.368, Sell: -0.717",-1.368,-0.717,Technology,26-08-2025 19:30,16,2
eda607b9,26-08-2025 19:30,PLTR,26-08-2025,157.33,4281375,-0.447069383,1.296235938,51.6422506,0.487181401,1.260075678,-0.015465308,SELL,"SELL (MODERATE) - Ticker: PLTR, Z: -0.447, Threshold: -0.478",MODERATE,"SELL: Z-Score=-0.447, Threshold=-0.478, Strength=-0.015","Z(-0.45), Threshold(-1.19/-0.48), Vol(1.26)",,"SELL: Z-Score=-0.447, Threshold=-0.478, Strength=-0.015","Ticker-specific thresholds applied - Buy: -1.185, Sell: -0.478",-1.185,-0.478,Technology,26-08-2025 19:30,16,8
eda607b9,26-08-2025 19:30,PTON,26-08-2025,7.8,720703,0.741767561,2.608453726,26.40871419,0.619767447,2.597912578,0,HOLD,"HOLD (LOW) - Ticker: PTON, Z: 0.742, Threshold: 3.508",LOW,"HOLD: Z-Score=0.742, Threshold=3.508, Strength=0.000","Z(0.74), Threshold(0.17/3.51), Vol(2.60)",,,"Ticker-specific thresholds applied - Buy: 0.175, Sell: 3.508",0.175,3.508,Consumer,26-08-2025 19:31,16,10
eda607b9,26-08-2025 19:30,RGTI,26-08-2025,15.066,2007548,-0.335664731,2.000606819,34.26069197,0.018059072,2.090976104,-0.254167635,SELL,"SELL (HIGH) - Ticker: RGTI, Z: -0.336, Threshold: -0.844",HIGH,"SELL: Z-Score=-0.336, Threshold=-0.844, Strength=-0.254","Z(-0.34), Threshold(-1.01/-0.84), Vol(2.09)",,"SELL: Z-Score=-0.336, Threshold=-0.844, Strength=-0.254","Ticker-specific thresholds applied - Buy: -1.006, Sell: -0.844",-1.006,-0.844,Technology,26-08-2025 19:30,16,1
eda607b9,26-08-2025 19:30,TSLA,26-08-2025,347.46,5296278,2.040193456,-4.513166173,84.31469396,0.286907756,1.716151283,0,HOLD,"HOLD (LOW) - Ticker: TSLA, Z: 2.040, Threshold: 2.324",LOW,"HOLD: Z-Score=2.040, Threshold=2.324, Strength=0.000","Z(2.04), Threshold(0.04/2.32), Vol(1.72)",,,"Ticker-specific thresholds applied - Buy: 0.039, Sell: 2.324",0.039,2.324,Technology,26-08-2025 19:31,16,10
eda607b9,26-08-2025 19:30,TTD,26-08-2025,52.51,285561,-1.272193294,-18.67752083,483.4615956,0.822815115,0.945727102,-0.003403353,SELL,"SELL (MODERATE) - Ticker: TTD, Z: -1.272, Threshold: -1.279",MODERATE,"SELL: Z-Score=-1.272, Threshold=-1.279, Strength=-0.003","Z(-1.27), Threshold(-1.86/-1.28), Vol(0.95)",,"SELL: Z-Score=-1.272, Threshold=-1.279, Strength=-0.003","Ticker-specific thresholds applied - Buy: -1.858, Sell: -1.279",-1.858,-1.279,Technology,26-08-2025 19:30,16,9
eda607b9,26-08-2025 19:30,TWLO,26-08-2025,104.77,50414,-0.963794612,-8.278741924,174.1531701,0.768263821,0.594288297,-0.115602694,SELL,"SELL (MODERATE) - Ticker: TWLO, Z: -0.964, Threshold: -1.195",MODERATE,"SELL: Z-Score=-0.964, Threshold=-1.195, Strength=-0.116","Z(-0.96), Threshold(-2.10/-1.20), Vol(0.59)",,"SELL: Z-Score=-0.964, Threshold=-1.195, Strength=-0.116","Ticker-specific thresholds applied - Buy: -2.105, Sell: -1.195",-2.105,-1.195,Technology,26-08-2025 19:30,16,10
9e5b3ece,27-08-2025 01:47,ASAN,27-08-2025,14.05,599521,-0.355465076,-0.375171398,9.843613918,0.500685583,7.144385641,-0.302767462,SELL,"SELL (HIGH) - Ticker: ASAN, Z: -0.355, Threshold: -0.961",HIGH,"SELL: Z-Score=-0.355, Threshold=-0.961, Strength=-0.303","Z(-0.36), Threshold(-2.36/-0.96), Vol(7.14)",,"SELL: Z-Score=-0.355, Threshold=-0.961, Strength=-0.303","Ticker-specific thresholds applied - Buy: -2.358, Sell: -0.961",-2.358,-0.961,Technology,27-08-2025 01:48,16,5
9e5b3ece,27-08-2025 01:47,BABA,27-08-2025,124.17,775165,1.294526444,3.483908484,46.76987154,0.00812424,2.012633214,0,HOLD,"HOLD (LOW) - Ticker: BABA, Z: 1.295, Threshold: 1.643",LOW,"HOLD: Z-Score=1.295, Threshold=1.643, Strength=0.000","Z(1.29), Threshold(0.05/1.64), Vol(2.01)",,,"Ticker-specific thresholds applied - Buy: 0.050, Sell: 1.643",0.05,1.643,E-Commerce,27-08-2025 01:48,16,2
9e5b3ece,27-08-2025 01:47,BW,27-08-2025,1.72,58582,1.791987028,0.545383525,3.679913441,0.928990762,1.25790957,0,HOLD,"HOLD (LOW) - Ticker: BW, Z: 1.792, Threshold: 3.281",LOW,"HOLD: Z-Score=1.792, Threshold=3.281, Strength=0.000","Z(1.79), Threshold(1.12/3.28), Vol(1.26)",,,"Ticker-specific thresholds applied - Buy: 1.117, Sell: 3.281",1.117,3.281,Technology,27-08-2025 01:48,16,8
9e5b3ece,27-08-2025 01:47,CVNA,27-08-2025,372,320547,1.728838734,12.39161797,276.1595037,0.028196954,3.448589102,-1,SELL,"SELL (HIGH) - Ticker: CVNA, Z: 1.729, Threshold: -0.711",HIGH,"SELL: Z-Score=1.729, Threshold=-0.711, Strength=-1.000","Z(1.73), Threshold(-2.04/-0.71), Vol(3.45)",,"SELL: Z-Score=1.729, Threshold=-0.711, Strength=-1.000","Ticker-specific thresholds applied - Buy: -2.035, Sell: -0.711",-2.035,-0.711,E-Commerce,27-08-2025 01:48,16,3
9e5b3ece,27-08-2025 01:47,GOOG,27-08-2025,207.93,2182428,1.532465656,1.09696377,15.21617353,0.581848479,3.396817213,0,HOLD,"HOLD (LOW) - Ticker: GOOG, Z: 1.532, Threshold: 2.044",LOW,"HOLD: Z-Score=1.532, Threshold=2.044, Strength=0.000","Z(1.53), Threshold(0.89/2.04), Vol(3.40)",,,"Ticker-specific thresholds applied - Buy: 0.885, Sell: 2.044",0.885,2.044,Technology,27-08-2025 01:47,16,2
9e5b3ece,27-08-2025 01:47,MSFT,27-08-2025,502.1,4555611,-1.367245167,11.38017225,229.4252837,0.372396309,7.19929691,0.090622583,BUY,"BUY (MODERATE) - Ticker: MSFT, Z: -1.367, Threshold: -1.186",MODERATE,"BUY: Z-Score=-1.367, Threshold=-1.186, Strength=0.091","Z(-1.37), Threshold(-1.19/-0.72), Vol(7.20)","BUY: Z-Score=-1.367, Threshold=-1.186, Strength=0.091",,"Ticker-specific thresholds applied - Buy: -1.186, Sell: -0.717",-1.186,-0.717,Technology,27-08-2025 01:47,16,2
9e5b3ece,27-08-2025 01:47,HPE,27-08-2025,22.505,1979356,2.273003266,0.631308067,28.82718518,0.793209,4.385776627,-1,SELL,"SELL (HIGH) - Ticker: HPE, Z: 2.273, Threshold: -0.461",HIGH,"SELL: Z-Score=2.273, Threshold=-0.461, Strength=-1.000","Z(2.27), Threshold(-0.46/-0.46), Vol(4.39)",,"SELL: Z-Score=2.273, Threshold=-0.461, Strength=-1.000","Ticker-specific thresholds applied - Buy: -0.461, Sell: -0.461",-0.461,-0.461,Hardware,27-08-2025 01:48,16,4
9e5b3ece,27-08-2025 01:47,JMIA,27-08-2025,8.945,472318,2.13238472,10.33279352,188.390261,0.966836623,2.432360349,0,HOLD,"HOLD (LOW) - Ticker: JMIA, Z: 2.132, Threshold: 3.792",LOW,"HOLD: Z-Score=2.132, Threshold=3.792, Strength=0.000","Z(2.13), Threshold(1.22/3.79), Vol(2.43)",,,"Ticker-specific thresholds applied - Buy: 1.222, Sell: 3.792",1.222,3.792,E-Commerce,27-08-2025 01:48,16,8
9e5b3ece,27-08-2025 01:47,NVDA,27-08-2025,181.73,10663075,1.11256044,1.19698897,33.44795621,0.038069032,2.137216514,0,HOLD,"HOLD (LOW) - Ticker: NVDA, Z: 1.113, Threshold: 1.637",LOW,"HOLD: Z-Score=1.113, Threshold=1.637, Strength=0.000","Z(1.11), Threshold(-0.10/1.64), Vol(2.14)",,,"Ticker-specific thresholds applied - Buy: -0.101, Sell: 1.637",-0.101,1.637,Technology,27-08-2025 01:47,16,2
9e5b3ece,27-08-2025 01:47,PATH,27-08-2025,10.81,1240453,-1.032283072,-0.51603715,8.856899506,0.758926657,4.955593486,0,HOLD,"HOLD (LOW) - Ticker: PATH, Z: -1.032, Threshold: -0.717",LOW,"HOLD: Z-Score=-1.032, Threshold=-0.717, Strength=0.000","Z(-1.03), Threshold(-1.37/-0.72), Vol(4.96)",,,"Ticker-specific thresholds applied - Buy: -1.368, Sell: -0.717",-1.368,-0.717,Technology,27-08-2025 01:47,16,1
9e5b3ece,27-08-2025 01:47,PLTR,27-08-2025,160.83,6109985,-0.172153011,1.28877708,51.80859046,0.455525028,2.140192461,-0.152923495,SELL,"SELL (MODERATE) - Ticker: PLTR, Z: -0.172, Threshold: -0.478",MODERATE,"SELL: Z-Score=-0.172, Threshold=-0.478, Strength=-0.153","Z(-0.17), Threshold(-1.19/-0.48), Vol(2.14)",,"SELL: Z-Score=-0.172, Threshold=-0.478, Strength=-0.153","Ticker-specific thresholds applied - Buy: -1.185, Sell: -0.478",-1.185,-0.478,Technology,27-08-2025 01:48,16,6
9e5b3ece,27-08-2025 01:47,PTON,27-08-2025,7.575,1071928,0.45076205,2.641798351,27.09314658,0.575436644,4.531409027,0,HOLD,"HOLD (LOW) - Ticker: PTON, Z: 0.451, Threshold: 3.508",LOW,"HOLD: Z-Score=0.451, Threshold=3.508, Strength=0.000","Z(0.45), Threshold(0.17/3.51), Vol(4.53)",,,"Ticker-specific thresholds applied - Buy: 0.175, Sell: 3.508",0.175,3.508,Consumer,27-08-2025 01:48,16,8
9e5b3ece,27-08-2025 01:47,RGTI,27-08-2025,15.3,2018568,-0.114654357,2.000144317,34.62228952,0.015264954,1.994156984,-0.364672821,SELL,"SELL (HIGH) - Ticker: RGTI, Z: -0.115, Threshold: -0.844",HIGH,"SELL: Z-Score=-0.115, Threshold=-0.844, Strength=-0.365","Z(-0.11), Threshold(-1.01/-0.84), Vol(1.99)",,"SELL: Z-Score=-0.115, Threshold=-0.844, Strength=-0.365","Ticker-specific thresholds applied - Buy: -1.006, Sell: -0.844",-1.006,-0.844,Technology,27-08-2025 01:47,16,1
9e5b3ece,27-08-2025 01:47,TSLA,27-08-2025,351.78,6432514,2.271470129,-4.523834331,85.43248923,0.392483861,2.32401134,0,HOLD,"HOLD (LOW) - Ticker: TSLA, Z: 2.271, Threshold: 2.324",LOW,"HOLD: Z-Score=2.271, Threshold=2.324, Strength=0.000","Z(2.27), Threshold(0.04/2.32), Vol(2.32)",,,"Ticker-specific thresholds applied - Buy: 0.039, Sell: 2.324",0.039,2.324,Technology,27-08-2025 01:48,16,8
9e5b3ece,27-08-2025 01:47,TTD,27-08-2025,52.205,773991,-1.244068982,-18.94112807,497.4957445,0.820388973,3.318840932,-0.017465509,SELL,"SELL (MODERATE) - Ticker: TTD, Z: -1.244, Threshold: -1.279",MODERATE,"SELL: Z-Score=-1.244, Threshold=-1.279, Strength=-0.017","Z(-1.24), Threshold(-1.86/-1.28), Vol(3.32)",,"SELL: Z-Score=-1.244, Threshold=-1.279, Strength=-0.017","Ticker-specific thresholds applied - Buy: -1.858, Sell: -1.279",-1.858,-1.279,Technology,27-08-2025 01:48,16,7
9e5b3ece,27-08-2025 01:47,TWLO,27-08-2025,102.46,680629,-1.102573165,-8.347514502,177.9875976,0.78843828,8.754017306,-0.046213418,SELL,"SELL (MODERATE) - Ticker: TWLO, Z: -1.103, Threshold: -1.195",MODERATE,"SELL: Z-Score=-1.103, Threshold=-1.195, Strength=-0.046","Z(-1.10), Threshold(-2.10/-1.20), Vol(8.75)",,"SELL: Z-Score=-1.103, Threshold=-1.195, Strength=-0.046","Ticker-specific thresholds applied - Buy: -2.105, Sell: -1.195",-2.105,-1.195,Technology,27-08-2025 01:48,16,8
f06b5b59,27-08-2025 20:01,ASAN,27-08-2025,14.05,44997,-0.355588841,-0.375582214,9.846139305,0.500684834,0.636217496,-0.302705579,SELL,"SELL (HIGH) - Ticker: ASAN, Z: -0.356, Threshold: -0.961",HIGH,"SELL: Z-Score=-0.356, Threshold=-0.961, Strength=-0.303","Z(-0.36), Threshold(-2.36/-0.96), Vol(0.64)",,"SELL: Z-Score=-0.356, Threshold=-0.961, Strength=-0.303","Ticker-specific thresholds applied - Buy: -2.358, Sell: -0.961",-2.358,-0.961,Technology,01:36.8,16,5
f06b5b59,27-08-2025 20:01,BABA,27-08-2025,124.17,775165,1.294526444,3.483908484,46.76987154,0.00812424,2.012633214,0,HOLD,"HOLD (LOW) - Ticker: BABA, Z: 1.295, Threshold: 1.643",LOW,"HOLD: Z-Score=1.295, Threshold=1.643, Strength=0.000","Z(1.29), Threshold(0.05/1.64), Vol(2.01)",,,"Ticker-specific thresholds applied - Buy: 0.050, Sell: 1.643",0.05,1.643,E-Commerce,01:26.6,16,2
f06b5b59,27-08-2025 20:01,BW,27-08-2025,1.72,58582,1.791987028,0.545383525,3.679913441,0.928990762,1.25790957,0,HOLD,"HOLD (LOW) - Ticker: BW, Z: 1.792, Threshold: 3.281",LOW,"HOLD: Z-Score=1.792, Threshold=3.281, Strength=0.000","Z(1.79), Threshold(1.12/3.28), Vol(1.26)",,,"Ticker-specific thresholds applied - Buy: 1.117, Sell: 3.281",1.117,3.281,Technology,01:47.2,16,8
f06b5b59,27-08-2025 20:01,CVNA,27-08-2025,372,320547,1.728838734,12.39161797,276.1595037,0.028196954,3.448589102,-1,SELL,"SELL (HIGH) - Ticker: CVNA, Z: 1.729, Threshold: -0.711",HIGH,"SELL: Z-Score=1.729, Threshold=-0.711, Strength=-1.000","Z(1.73), Threshold(-2.04/-0.71), Vol(3.45)",,"SELL: Z-Score=1.729, Threshold=-0.711, Strength=-1.000","Ticker-specific thresholds applied - Buy: -2.035, Sell: -0.711",-2.035,-0.711,E-Commerce,01:29.1,16,3
f06b5b59,27-08-2025 20:01,GOOG,27-08-2025,207.93,2182428,1.532465656,1.09696377,15.21617353,0.581848479,3.396817213,0,HOLD,"HOLD (LOW) - Ticker: GOOG, Z: 1.532, Threshold: 2.044",LOW,"HOLD: Z-Score=1.532, Threshold=2.044, Strength=0.000","Z(1.53), Threshold(0.89/2.04), Vol(3.40)",,,"Ticker-specific thresholds applied - Buy: 0.885, Sell: 2.044",0.885,2.044,Technology,01:21.5,16,2
f06b5b59,27-08-2025 20:01,HPE,27-08-2025,22.51,2006106,2.279787745,0.631149587,28.83823496,0.794831632,4.462781029,-1,SELL,"SELL (HIGH) - Ticker: HPE, Z: 2.280, Threshold: -0.461",HIGH,"SELL: Z-Score=2.280, Threshold=-0.461, Strength=-1.000","Z(2.28), Threshold(-0.46/-0.46), Vol(4.46)",,"SELL: Z-Score=2.280, Threshold=-0.461, Strength=-1.000","Ticker-specific thresholds applied - Buy: -0.461, Sell: -0.461",-0.461,-0.461,Hardware,01:33.1,16,4
f06b5b59,27-08-2025 20:01,MSFT,27-08-2025,502.1,4555611,-1.367245167,11.38017225,229.4252837,0.372396309,7.19929691,0.090622583,BUY,"BUY (MODERATE) - Ticker: MSFT, Z: -1.367, Threshold: -1.186",MODERATE,"BUY: Z-Score=-1.367, Threshold=-1.186, Strength=0.091","Z(-1.37), Threshold(-1.19/-0.72), Vol(7.20)","BUY: Z-Score=-1.367, Threshold=-1.186, Strength=0.091",,"Ticker-specific thresholds applied - Buy: -1.186, Sell: -0.717",-1.186,-0.717,Technology,01:19.0,16,2
f06b5b59,27-08-2025 20:01,JMIA,27-08-2025,8.945,472318,2.13238472,10.33279352,188.390261,0.966836623,2.432360349,0,HOLD,"HOLD (LOW) - Ticker: JMIA, Z: 2.132, Threshold: 3.792",LOW,"HOLD: Z-Score=2.132, Threshold=3.792, Strength=0.000","Z(2.13), Threshold(1.22/3.79), Vol(2.43)",,,"Ticker-specific thresholds applied - Buy: 1.222, Sell: 3.792",1.222,3.792,E-Commerce,01:54.5,16,8
f06b5b59,27-08-2025 20:01,NVDA,27-08-2025,181.73,10663075,1.11256044,1.19698897,33.44795621,0.038069032,2.137216514,0,HOLD,"HOLD (LOW) - Ticker: NVDA, Z: 1.113, Threshold: 1.637",LOW,"HOLD: Z-Score=1.113, Threshold=1.637, Strength=0.000","Z(1.11), Threshold(-0.10/1.64), Vol(2.14)",,,"Ticker-specific thresholds applied - Buy: -0.101, Sell: 1.637",-0.101,1.637,Technology,01:24.2,16,2
f06b5b59,27-08-2025 20:01,PATH,27-08-2025,10.81,1240453,-1.032283072,-0.51603715,8.856899506,0.758926657,4.955593486,0,HOLD,"HOLD (LOW) - Ticker: PATH, Z: -1.032, Threshold: -0.717",LOW,"HOLD: Z-Score=-1.032, Threshold=-0.717, Strength=0.000","Z(-1.03), Threshold(-1.37/-0.72), Vol(4.96)",,,"Ticker-specific thresholds applied - Buy: -1.368, Sell: -0.717",-1.368,-0.717,Technology,01:16.5,16,1
f06b5b59,27-08-2025 20:01,PLTR,27-08-2025,160.83,6109985,-0.172153011,1.28877708,51.80859046,0.455525028,2.140192461,-0.152923495,SELL,"SELL (MODERATE) - Ticker: PLTR, Z: -0.172, Threshold: -0.478",MODERATE,"SELL: Z-Score=-0.172, Threshold=-0.478, Strength=-0.153","Z(-0.17), Threshold(-1.19/-0.48), Vol(2.14)",,"SELL: Z-Score=-0.172, Threshold=-0.478, Strength=-0.153","Ticker-specific thresholds applied - Buy: -1.185, Sell: -0.478",-1.185,-0.478,Technology,01:39.8,16,6
f06b5b59,27-08-2025 20:01,PTON,27-08-2025,7.58,1076429,0.457087011,2.641681923,27.09460547,0.575930963,4.536027167,0,HOLD,"HOLD (LOW) - Ticker: PTON, Z: 0.457, Threshold: 3.508",LOW,"HOLD: Z-Score=0.457, Threshold=3.508, Strength=0.000","Z(0.46), Threshold(0.17/3.51), Vol(4.54)",,,"Ticker-specific thresholds applied - Buy: 0.175, Sell: 3.508",0.175,3.508,Consumer,01:49.6,16,8
f06b5b59,27-08-2025 20:01,RGTI,27-08-2025,15.3,2018868,-0.114667996,2.001128665,34.64819811,0.015276391,1.984540296,-0.364666002,SELL,"SELL (HIGH) - Ticker: RGTI, Z: -0.115, Threshold: -0.844",HIGH,"SELL: Z-Score=-0.115, Threshold=-0.844, Strength=-0.365","Z(-0.11), Threshold(-1.01/-0.84), Vol(1.98)",,"SELL: Z-Score=-0.115, Threshold=-0.844, Strength=-0.365","Ticker-specific thresholds applied - Buy: -1.006, Sell: -0.844",-1.006,-0.844,Technology,01:09.4,16,1
f06b5b59,27-08-2025 20:01,TSLA,27-08-2025,351.78,6432514,2.271470129,-4.523834331,85.43248923,0.392483861,2.32401134,0,HOLD,"HOLD (LOW) - Ticker: TSLA, Z: 2.271, Threshold: 2.324",LOW,"HOLD: Z-Score=2.271, Threshold=2.324, Strength=0.000","Z(2.27), Threshold(0.04/2.32), Vol(2.32)",,,"Ticker-specific thresholds applied - Buy: 0.039, Sell: 2.324",0.039,2.324,Technology,01:52.1,16,8
f06b5b59,27-08-2025 20:01,TTD,27-08-2025,52.21,773875,-1.243747289,-18.94038564,497.4692994,0.820335003,3.316086044,-0.017626356,SELL,"SELL (MODERATE) - Ticker: TTD, Z: -1.244, Threshold: -1.279",MODERATE,"SELL: Z-Score=-1.244, Threshold=-1.279, Strength=-0.018","Z(-1.24), Threshold(-1.86/-1.28), Vol(3.32)",,"SELL: Z-Score=-1.244, Threshold=-1.279, Strength=-0.018","Ticker-specific thresholds applied - Buy: -1.858, Sell: -1.279",-1.858,-1.279,Technology,01:42.2,16,7
f06b5b59,27-08-2025 20:01,TWLO,27-08-2025,102.46,680629,-1.102573165,-8.347514502,177.9875976,0.78843828,8.754017306,-0.046213418,SELL,"SELL (MODERATE) - Ticker: TWLO, Z: -1.103, Threshold: -1.195",MODERATE,"SELL: Z-Score=-1.103, Threshold=-1.195, Strength=-0.046","Z(-1.10), Threshold(-2.10/-1.20), Vol(8.75)",,"SELL: Z-Score=-1.103, Threshold=-1.195, Strength=-0.046","Ticker-specific thresholds applied - Buy: -2.105, Sell: -1.195",-2.105,-1.195,Technology,01:44.7,16,8
02e91788,28-08-2025 00:50,ASAN,28-08-2025,14.255,12268,-0.028760482,-0.316544165,9.788248858,0.467673602,0.212044378,-0.466119759,SELL,"SELL (HIGH) - Ticker: ASAN, Z: -0.029, Threshold: -0.961",HIGH,"SELL: Z-Score=-0.029, Threshold=-0.961, Strength=-0.466","Z(-0.03), Threshold(-2.36/-0.96), Vol(0.21)",,"SELL: Z-Score=-0.029, Threshold=-0.961, Strength=-0.466","Ticker-specific thresholds applied - Buy: -2.358, Sell: -0.961",-2.358,-0.961,Technology,51:02.5,16,5
02e91788,28-08-2025 00:50,BABA,28-08-2025,121.745,64959,0.54317583,3.301368592,46.09333151,0.003904672,0.183797635,0,HOLD,"HOLD (LOW) - Ticker: BABA, Z: 0.543, Threshold: 1.643",LOW,"HOLD: Z-Score=0.543, Threshold=1.643, Strength=0.000","Z(0.54), Threshold(0.05/1.64), Vol(0.18)",,,"Ticker-specific thresholds applied - Buy: 0.050, Sell: 1.643",0.05,1.643,E-Commerce,50:54.8,16,2
02e91788,28-08-2025 00:50,BW,28-08-2025,1.845,5017,2.104900526,0.548802963,3.666370372,0.96452656,0.089723736,0,HOLD,"HOLD (LOW) - Ticker: BW, Z: 2.105, Threshold: 3.281",LOW,"HOLD: Z-Score=2.105, Threshold=3.281, Strength=0.000","Z(2.10), Threshold(1.12/3.28), Vol(0.09)",,,"Ticker-specific thresholds applied - Buy: 1.117, Sell: 3.281",1.117,3.281,Technology,51:13.8,16,7
02e91788,28-08-2025 00:50,CVNA,28-08-2025,370.65,3627,1.549539942,12.53350085,283.1072201,0.030822916,0.060037859,-1,SELL,"SELL (HIGH) - Ticker: CVNA, Z: 1.550, Threshold: -0.711",HIGH,"SELL: Z-Score=1.550, Threshold=-0.711, Strength=-1.000","Z(1.55), Threshold(-2.04/-0.71), Vol(0.06)",,"SELL: Z-Score=1.550, Threshold=-0.711, Strength=-1.000","Ticker-specific thresholds applied - Buy: -2.035, Sell: -0.711",-2.035,-0.711,E-Commerce,50:57.3,16,3
02e91788,28-08-2025 00:50,GOOG,28-08-2025,207.73,79717,1.432781871,1.106045549,15.49808211,0.547624665,0.156665732,0,HOLD,"HOLD (LOW) - Ticker: GOOG, Z: 1.433, Threshold: 2.044",LOW,"HOLD: Z-Score=1.433, Threshold=2.044, Strength=0.000","Z(1.43), Threshold(0.89/2.04), Vol(0.16)",,,"Ticker-specific thresholds applied - Buy: 0.885, Sell: 2.044",0.885,2.044,Technology,50:49.9,16,2
02e91788,28-08-2025 00:50,HPE,28-08-2025,22.825,468658,2.51129541,0.625008487,29.23662249,0.877042317,0.936455953,-1,SELL,"SELL (HIGH) - Ticker: HPE, Z: 2.511, Threshold: -0.461",HIGH,"SELL: Z-Score=2.511, Threshold=-0.461, Strength=-1.000","Z(2.51), Threshold(-0.46/-0.46), Vol(0.94)",,"SELL: Z-Score=2.511, Threshold=-0.461, Strength=-1.000","Ticker-specific thresholds applied - Buy: -0.461, Sell: -0.461",-0.461,-0.461,Hardware,50:59.9,16,4
02e91788,28-08-2025 00:50,JMIA,28-08-2025,9.13,31842,2.09127588,10.31884139,189.819633,0.967452511,0.13779978,0,HOLD,"HOLD (LOW) - Ticker: JMIA, Z: 2.091, Threshold: 3.792",LOW,"HOLD: Z-Score=2.091, Threshold=3.792, Strength=0.000","Z(2.09), Threshold(1.22/3.79), Vol(0.14)",,,"Ticker-specific thresholds applied - Buy: 1.222, Sell: 3.792",1.222,3.792,E-Commerce,51:21.2,16,7
02e91788,28-08-2025 00:50,MSFT,28-08-2025,505.955,101128,-0.941892952,11.41039783,232.456063,0.309082687,0.168882762,0,HOLD,"HOLD (LOW) - Ticker: MSFT, Z: -0.942, Threshold: -0.717",LOW,"HOLD: Z-Score=-0.942, Threshold=-0.717, Strength=0.000","Z(-0.94), Threshold(-1.19/-0.72), Vol(0.17)",,,"Ticker-specific thresholds applied - Buy: -1.186, Sell: -0.717",-1.186,-0.717,Technology,50:47.4,16,2
02e91788,28-08-2025 00:50,NVDA,28-08-2025,181.325,2483941,0.9950875,1.158738785,33.3301144,0.032746604,0.470248849,0,HOLD,"HOLD (LOW) - Ticker: NVDA, Z: 0.995, Threshold: 1.637",LOW,"HOLD: Z-Score=0.995, Threshold=1.637, Strength=0.000","Z(1.00), Threshold(-0.10/1.64), Vol(0.47)",,,"Ticker-specific thresholds applied - Buy: -0.101, Sell: 1.637",-0.101,1.637,Technology,50:52.4,16,2
02e91788,28-08-2025 00:50,PATH,28-08-2025,11.165,93921,-0.527964843,-0.371891188,9.148209587,0.655504335,0.380783347,-0.094517578,SELL,"SELL (MODERATE) - Ticker: PATH, Z: -0.528, Threshold: -0.717",MODERATE,"SELL: Z-Score=-0.528, Threshold=-0.717, Strength=-0.095","Z(-0.53), Threshold(-1.37/-0.72), Vol(0.38)",,"SELL: Z-Score=-0.528, Threshold=-0.717, Strength=-0.095","Ticker-specific thresholds applied - Buy: -1.368, Sell: -0.717",-1.368,-0.717,Technology,50:45.1,16,2
02e91788,28-08-2025 00:50,PLTR,28-08-2025,156.6999,527472,-0.491655082,1.294611622,52.26883828,0.468791652,0.210282679,0,HOLD,"HOLD (LOW) - Ticker: PLTR, Z: -0.492, Threshold: -0.478",LOW,"HOLD: Z-Score=-0.492, Threshold=-0.478, Strength=0.000","Z(-0.49), Threshold(-1.19/-0.48), Vol(0.21)",,,"Ticker-specific thresholds applied - Buy: -1.185, Sell: -0.478",-1.185,-0.478,Technology,51:05.6,16,5
02e91788,28-08-2025 00:50,PTON,28-08-2025,7.645,3498989,0.527373087,2.658459401,27.60967044,0.570406322,15.46189803,0,HOLD,"HOLD (LOW) - Ticker: PTON, Z: 0.527, Threshold: 3.508",LOW,"HOLD: Z-Score=0.527, Threshold=3.508, Strength=0.000","Z(0.53), Threshold(0.17/3.51), Vol(15.46)",,,"Ticker-specific thresholds applied - Buy: 0.175, Sell: 3.508",0.175,3.508,Consumer,51:16.2,16,7
02e91788,28-08-2025 00:50,RGTI,28-08-2025,15.685,471147,0.237656078,1.990768719,35.02348863,0.015332972,0.392426154,-0.540828039,SELL,"SELL (HIGH) - Ticker: RGTI, Z: 0.238, Threshold: -0.844",HIGH,"SELL: Z-Score=0.238, Threshold=-0.844, Strength=-0.541","Z(0.24), Threshold(-1.01/-0.84), Vol(0.39)",,"SELL: Z-Score=0.238, Threshold=-0.844, Strength=-0.541","Ticker-specific thresholds applied - Buy: -1.006, Sell: -0.844",-1.006,-0.844,Technology,50:40.9,16,1
02e91788,28-08-2025 00:50,TSLA,28-08-2025,349.91,874164,1.94639394,-4.553041951,87.13638251,0.378705451,0.350548767,0,HOLD,"HOLD (LOW) - Ticker: TSLA, Z: 1.946, Threshold: 2.324",LOW,"HOLD: Z-Score=1.946, Threshold=2.324, Strength=0.000","Z(1.95), Threshold(0.04/2.32), Vol(0.35)",,,"Ticker-specific thresholds applied - Buy: 0.039, Sell: 2.324",0.039,2.324,Technology,51:18.8,16,7
02e91788,28-08-2025 00:50,TTD,28-08-2025,52.5,49073,-1.184059342,-19.17318119,510.518574,0.811565774,0.229318097,-0.047470329,SELL,"SELL (MODERATE) - Ticker: TTD, Z: -1.184, Threshold: -1.279",MODERATE,"SELL: Z-Score=-1.184, Threshold=-1.279, Strength=-0.047","Z(-1.18), Threshold(-1.86/-1.28), Vol(0.23)",,"SELL: Z-Score=-1.184, Threshold=-1.279, Strength=-0.047","Ticker-specific thresholds applied - Buy: -1.858, Sell: -1.279",-1.858,-1.279,Technology,51:08.3,16,6
02e91788,28-08-2025 00:50,TWLO,28-08-2025,102.91,3713,-1.039971402,-8.3684504,180.5228684,0.777855212,0.051738215,-0.077514299,SELL,"SELL (MODERATE) - Ticker: TWLO, Z: -1.040, Threshold: -1.195",MODERATE,"SELL: Z-Score=-1.040, Threshold=-1.195, Strength=-0.078","Z(-1.04), Threshold(-2.10/-1.20), Vol(0.05)",,"SELL: Z-Score=-1.040, Threshold=-1.195, Strength=-0.078","Ticker-specific thresholds applied - Buy: -2.105, Sell: -1.195",-2.105,-1.195,Technology,51:11.2,16,7
24536346,28-08-2025 19:32,ASAN,28-08-2025,14.745,45072,0.754762278,-0.299962871,9.523577429,0.51996201,0.665707043,-0.857881139,SELL,"SELL (HIGH) - Ticker: ASAN, Z: 0.755, Threshold: -0.961",HIGH,"SELL: Z-Score=0.755, Threshold=-0.961, Strength=-0.858","Z(0.75), Threshold(-2.36/-0.96), Vol(0.67)",,"SELL: Z-Score=0.755, Threshold=-0.961, Strength=-0.858","Ticker-specific thresholds applied - Buy: -2.358, Sell: -0.961",-2.358,-0.961,Technology,33:00.1,16,6
24536346,28-08-2025 19:32,BW,28-08-2025,1.8614,105639,2.099974097,0.549798719,3.600589376,0.958178271,1.64701003,0,HOLD,"HOLD (LOW) - Ticker: BW, Z: 2.100, Threshold: 3.281",LOW,"HOLD: Z-Score=2.100, Threshold=3.281, Strength=0.000","Z(2.10), Threshold(1.12/3.28), Vol(1.65)",,,"Ticker-specific thresholds applied - Buy: 1.117, Sell: 3.281",1.117,3.281,Technology,33:10.3,16,8
24536346,28-08-2025 19:32,CVNA,28-08-2025,372.86,4106,1.662746244,12.5677055,281.1443872,0.038746393,0.064686194,-1,SELL,"SELL (HIGH) - Ticker: CVNA, Z: 1.663, Threshold: -0.711",HIGH,"SELL: Z-Score=1.663, Threshold=-0.711, Strength=-1.000","Z(1.66), Threshold(-2.04/-0.71), Vol(0.06)",,"SELL: Z-Score=1.663, Threshold=-0.711, Strength=-1.000","Ticker-specific thresholds applied - Buy: -2.035, Sell: -0.711",-2.035,-0.711,E-Commerce,32:55.2,16,4
24536346,28-08-2025 19:32,GOOG,28-08-2025,210.78,125974,1.835266296,1.124692277,14.88706837,0.721945373,0.225429614,0,HOLD,"HOLD (LOW) - Ticker: GOOG, Z: 1.835, Threshold: 2.044",LOW,"HOLD: Z-Score=1.835, Threshold=2.044, Strength=0.000","Z(1.84), Threshold(0.89/2.04), Vol(0.23)",,,"Ticker-specific thresholds applied - Buy: 0.885, Sell: 2.044",0.885,2.044,Technology,32:41.7,16,2
24536346,28-08-2025 19:32,HPE,28-08-2025,22.935,84798,2.558753496,0.650295349,27.99304589,0.896978113,0.138456389,-1,SELL,"SELL (HIGH) - Ticker: HPE, Z: 2.559, Threshold: -0.461",HIGH,"SELL: Z-Score=2.559, Threshold=-0.461, Strength=-1.000","Z(2.56), Threshold(-0.46/-0.46), Vol(0.14)",,"SELL: Z-Score=2.559, Threshold=-0.461, Strength=-1.000","Ticker-specific thresholds applied - Buy: -0.461, Sell: -0.461",-0.461,-0.461,Hardware,32:57.7,16,5
24536346,28-08-2025 19:32,JMIA,28-08-2025,9.2554,19435,2.112545758,10.21333531,185.6998885,0.967992653,0.079598045,0,HOLD,"HOLD (LOW) - Ticker: JMIA, Z: 2.113, Threshold: 3.792",LOW,"HOLD: Z-Score=2.113, Threshold=3.792, Strength=0.000","Z(2.11), Threshold(1.22/3.79), Vol(0.08)",,,"Ticker-specific thresholds applied - Buy: 1.222, Sell: 3.792",1.222,3.792,E-Commerce,33:17.4,16,8
24536346,28-08-2025 19:32,MSFT,28-08-2025,506.64,63583,-0.917498745,11.35993124,229.2462301,0.33615226,0.098861167,0,HOLD,"HOLD (LOW) - Ticker: MSFT, Z: -0.917, Threshold: -0.717",LOW,"HOLD: Z-Score=-0.917, Threshold=-0.717, Strength=0.000","Z(-0.92), Threshold(-1.19/-0.72), Vol(0.10)",,,"Ticker-specific thresholds applied - Buy: -1.186, Sell: -0.717",-1.186,-0.717,Technology,32:39.2,16,2
24536346,28-08-2025 19:32,NVDA,28-08-2025,177.11,1743441,0.034691735,-1.035840522,16.23323841,0.210899702,0.264169132,0,HOLD,"HOLD (LOW) - Ticker: NVDA, Z: 0.035, Threshold: 1.637",LOW,"HOLD: Z-Score=0.035, Threshold=1.637, Strength=0.000","Z(0.03), Threshold(-0.10/1.64), Vol(0.26)",,,"Ticker-specific thresholds applied - Buy: -0.101, Sell: 1.637",-0.101,1.637,Technology,32:44.2,16,2
24536346,28-08-2025 19:32,PATH,28-08-2025,11.3569,33451,-0.220212394,-0.363368374,9.164236762,0.55730747,0.126947378,-0.248393803,SELL,"SELL (MODERATE) - Ticker: PATH, Z: -0.220, Threshold: -0.717",MODERATE,"SELL: Z-Score=-0.220, Threshold=-0.717, Strength=-0.248","Z(-0.22), Threshold(-1.37/-0.72), Vol(0.13)",,"SELL: Z-Score=-0.220, Threshold=-0.717, Strength=-0.248","Ticker-specific thresholds applied - Buy: -1.368, Sell: -0.717",-1.368,-0.717,Technology,32:36.8,16,2
24536346,28-08-2025 19:32,PLTR,28-08-2025,154.1,462491,-0.743491038,1.296717023,51.44748171,0.562136154,0.169989584,0,HOLD,"HOLD (LOW) - Ticker: PLTR, Z: -0.743, Threshold: -0.478",LOW,"HOLD: Z-Score=-0.743, Threshold=-0.478, Strength=0.000","Z(-0.74), Threshold(-1.19/-0.48), Vol(0.17)",,,"Ticker-specific thresholds applied - Buy: -1.185, Sell: -0.478",-1.185,-0.478,Technology,33:02.9,16,6
24536346,28-08-2025 19:32,BABA,28-08-2025,120.155,33620,-0.079494027,1.696756764,33.58909504,0.016782141,0.080135328,0.064747013,BUY,"BUY (MODERATE) - Ticker: BABA, Z: -0.079, Threshold: 0.050",MODERATE,"BUY: Z-Score=-0.079, Threshold=0.050, Strength=0.065","Z(-0.08), Threshold(0.05/1.64), Vol(0.08)","BUY: Z-Score=-0.079, Threshold=0.050, Strength=0.065",,"Ticker-specific thresholds applied - Buy: 0.050, Sell: 1.643",0.05,1.643,E-Commerce,32:46.7,16,3
24536346,28-08-2025 19:32,PTON,28-08-2025,7.665,83283,0.519572904,2.63988183,27.12999871,0.564994723,0.336718705,0,HOLD,"HOLD (LOW) - Ticker: PTON, Z: 0.520, Threshold: 3.508",LOW,"HOLD: Z-Score=0.520, Threshold=3.508, Strength=0.000","Z(0.52), Threshold(0.17/3.51), Vol(0.34)",,,"Ticker-specific thresholds applied - Buy: 0.175, Sell: 3.508",0.175,3.508,Consumer,33:12.7,16,8
24536346,28-08-2025 19:32,RGTI,28-08-2025,15.85,224948,0.344558117,2.018714357,32.38357513,0.005714375,0.143394297,-0.594279059,SELL,"SELL (HIGH) - Ticker: RGTI, Z: 0.345, Threshold: -0.844",HIGH,"SELL: Z-Score=0.345, Threshold=-0.844, Strength=-0.594","Z(0.34), Threshold(-1.01/-0.84), Vol(0.14)",,"SELL: Z-Score=0.345, Threshold=-0.844, Strength=-0.594","Ticker-specific thresholds applied - Buy: -1.006, Sell: -0.844",-1.006,-0.844,Technology,32:34.2,16,1
24536346,28-08-2025 19:32,TSLA,28-08-2025,350.5,204078,1.932283577,-4.526293839,85.77286923,0.526117601,0.078109018,0,HOLD,"HOLD (LOW) - Ticker: TSLA, Z: 1.932, Threshold: 2.324",LOW,"HOLD: Z-Score=1.932, Threshold=2.324, Strength=0.000","Z(1.93), Threshold(0.04/2.32), Vol(0.08)",,,"Ticker-specific thresholds applied - Buy: 0.039, Sell: 2.324",0.039,2.324,Technology,33:15.0,16,8
24536346,28-08-2025 19:32,TTD,28-08-2025,54.17,166559,-1.046139455,-22.0796078,579.2334703,0.766279714,0.663646564,-0.116430272,SELL,"SELL (MODERATE) - Ticker: TTD, Z: -1.046, Threshold: -1.279",MODERATE,"SELL: Z-Score=-1.046, Threshold=-1.279, Strength=-0.116","Z(-1.05), Threshold(-1.86/-1.28), Vol(0.66)",,"SELL: Z-Score=-1.046, Threshold=-1.279, Strength=-0.116","Ticker-specific thresholds applied - Buy: -1.858, Sell: -1.279",-1.858,-1.279,Technology,33:05.3,16,7
24536346,28-08-2025 19:32,TWLO,28-08-2025,104.43,6692,-0.904598482,-8.312293395,177.561012,0.789177933,0.08716431,-0.145200759,SELL,"SELL (MODERATE) - Ticker: TWLO, Z: -0.905, Threshold: -1.195",MODERATE,"SELL: Z-Score=-0.905, Threshold=-1.195, Strength=-0.145","Z(-0.90), Threshold(-2.10/-1.20), Vol(0.09)",,"SELL: Z-Score=-0.905, Threshold=-1.195, Strength=-0.145","Ticker-specific thresholds applied - Buy: -2.105, Sell: -1.195",-2.105,-1.195,Technology,33:07.8,16,8
bcb9d9e9,29-08-2025 00:37,ASAN,29-08-2025,14.705,38140,0.679426639,-0.293662499,9.593006629,0.500895744,0.508342518,-0.82021332,SELL,"SELL (HIGH) - Ticker: ASAN, Z: 0.679, Threshold: -0.961",HIGH,"SELL: Z-Score=0.679, Threshold=-0.961, Strength=-0.820","Z(0.68), Threshold(-2.36/-0.96), Vol(0.51)",,"SELL: Z-Score=0.679, Threshold=-0.961, Strength=-0.820","Ticker-specific thresholds applied - Buy: -2.358, Sell: -0.961",-2.358,-0.961,Technology,37:37.4,16,7
bcb9d9e9,29-08-2025 00:37,BW,29-08-2025,2.045,40143,2.577260295,0.547552948,3.515907362,0.988583434,0.45475888,0,HOLD,"HOLD (LOW) - Ticker: BW, Z: 2.577, Threshold: 3.281",LOW,"HOLD: Z-Score=2.577, Threshold=3.281, Strength=0.000","Z(2.58), Threshold(1.12/3.28), Vol(0.45)",,,"Ticker-specific thresholds applied - Buy: 1.117, Sell: 3.281",1.117,3.281,Technology,37:47.3,16,10
bcb9d9e9,29-08-2025 00:37,CVNA,29-08-2025,375.16,14791,1.735672697,12.66391569,286.3068599,0.0524027,0.300805624,-1,SELL,"SELL (HIGH) - Ticker: CVNA, Z: 1.736, Threshold: -0.711",HIGH,"SELL: Z-Score=1.736, Threshold=-0.711, Strength=-1.000","Z(1.74), Threshold(-2.04/-0.71), Vol(0.30)",,"SELL: Z-Score=1.736, Threshold=-0.711, Strength=-1.000","Ticker-specific thresholds applied - Buy: -2.035, Sell: -0.711",-2.035,-0.711,E-Commerce,37:32.6,16,5
bcb9d9e9,29-08-2025 00:37,GOOG,29-08-2025,212.59,67124,1.965812014,1.121638844,15.09023852,0.783837001,0.134236187,0,HOLD,"HOLD (LOW) - Ticker: GOOG, Z: 1.966, Threshold: 2.044",LOW,"HOLD: Z-Score=1.966, Threshold=2.044, Strength=0.000","Z(1.97), Threshold(0.89/2.04), Vol(0.13)",,,"Ticker-specific thresholds applied - Buy: 0.885, Sell: 2.044",0.885,2.044,Technology,37:24.8,16,3
bcb9d9e9,29-08-2025 00:37,HPE,29-08-2025,23.18,141240,2.602535454,0.643919477,27.99315124,0.929833319,0.207461045,-1,SELL,"SELL (HIGH) - Ticker: HPE, Z: 2.603, Threshold: -0.461",HIGH,"SELL: Z-Score=2.603, Threshold=-0.461, Strength=-1.000","Z(2.60), Threshold(-0.46/-0.46), Vol(0.21)",,"SELL: Z-Score=2.603, Threshold=-0.461, Strength=-1.000","Ticker-specific thresholds applied - Buy: -0.461, Sell: -0.461",-0.461,-0.461,Hardware,37:35.0,16,6
bcb9d9e9,29-08-2025 00:37,JMIA,29-08-2025,9.145,31915,1.923578202,10.34475955,190.4834979,0.954196636,0.156023987,0,HOLD,"HOLD (LOW) - Ticker: JMIA, Z: 1.924, Threshold: 3.792",LOW,"HOLD: Z-Score=1.924, Threshold=3.792, Strength=0.000","Z(1.92), Threshold(1.22/3.79), Vol(0.16)",,,"Ticker-specific thresholds applied - Buy: 1.222, Sell: 3.792",1.222,3.792,E-Commerce,37:54.5,16,10
bcb9d9e9,29-08-2025 00:37,MSFT,29-08-2025,509.635,66407,-0.595975332,11.4172983,232.7443574,0.302686261,0.121627566,-0.060512334,SELL,"SELL (MODERATE) - Ticker: MSFT, Z: -0.596, Threshold: -0.717",MODERATE,"SELL: Z-Score=-0.596, Threshold=-0.717, Strength=-0.061","Z(-0.60), Threshold(-1.19/-0.72), Vol(0.12)",,"SELL: Z-Score=-0.596, Threshold=-0.717, Strength=-0.061","Ticker-specific thresholds applied - Buy: -1.186, Sell: -0.717",-1.186,-0.717,Technology,37:22.3,16,3
bcb9d9e9,29-08-2025 00:37,NVDA,29-08-2025,180.9801,1492172,0.916860114,-0.969764849,15.63795917,0.237973573,0.203533387,0,HOLD,"HOLD (LOW) - Ticker: NVDA, Z: 0.917, Threshold: 1.637",LOW,"HOLD: Z-Score=0.917, Threshold=1.637, Strength=0.000","Z(0.92), Threshold(-0.10/1.64), Vol(0.20)",,,"Ticker-specific thresholds applied - Buy: -0.101, Sell: 1.637",-0.101,1.637,Technology,37:27.2,16,3
bcb9d9e9,29-08-2025 00:37,PATH,29-08-2025,11.37,68497,-0.197596258,-0.358184439,9.256686474,0.544792626,0.248620011,-0.259701871,SELL,"SELL (HIGH) - Ticker: PATH, Z: -0.198, Threshold: -0.717",HIGH,"SELL: Z-Score=-0.198, Threshold=-0.717, Strength=-0.260","Z(-0.20), Threshold(-1.37/-0.72), Vol(0.25)",,"SELL: Z-Score=-0.198, Threshold=-0.717, Strength=-0.260","Ticker-specific thresholds applied - Buy: -1.368, Sell: -0.717",-1.368,-0.717,Technology,37:19.9,16,2
bcb9d9e9,29-08-2025 00:37,PLTR,29-08-2025,157.67,923697,-0.446616842,1.282380361,51.24718451,0.520935208,0.407340528,-0.015691579,SELL,"SELL (MODERATE) - Ticker: PLTR, Z: -0.447, Threshold: -0.478",MODERATE,"SELL: Z-Score=-0.447, Threshold=-0.478, Strength=-0.016","Z(-0.45), Threshold(-1.19/-0.48), Vol(0.41)",,"SELL: Z-Score=-0.447, Threshold=-0.478, Strength=-0.016","Ticker-specific thresholds applied - Buy: -1.185, Sell: -0.478",-1.185,-0.478,Technology,37:39.9,16,8
bcb9d9e9,29-08-2025 00:37,PTON,29-08-2025,7.535,51091,0.347519379,2.662891151,27.66501578,0.539741357,0.243769102,0,HOLD,"HOLD (LOW) - Ticker: PTON, Z: 0.348, Threshold: 3.508",LOW,"HOLD: Z-Score=0.348, Threshold=3.508, Strength=0.000","Z(0.35), Threshold(0.17/3.51), Vol(0.24)",,,"Ticker-specific thresholds applied - Buy: 0.175, Sell: 3.508",0.175,3.508,Consumer,37:49.6,16,10
bcb9d9e9,29-08-2025 00:37,RGTI,29-08-2025,16.8735,320952,1.371176295,2.002717248,32.43149816,0.009317039,0.169805718,-1,SELL,"SELL (HIGH) - Ticker: RGTI, Z: 1.371, Threshold: -0.844",HIGH,"SELL: Z-Score=1.371, Threshold=-0.844, Strength=-1.000","Z(1.37), Threshold(-1.01/-0.84), Vol(0.17)",,"SELL: Z-Score=1.371, Threshold=-0.844, Strength=-1.000","Ticker-specific thresholds applied - Buy: -1.006, Sell: -0.844",-1.006,-0.844,Technology,37:17.1,16,1
bcb9d9e9,29-08-2025 00:37,BABA,29-08-2025,119.76,75169,-0.238674574,1.704199458,34.0823494,0.014794397,0.173564447,0.144337287,BUY,"BUY (MODERATE) - Ticker: BABA, Z: -0.239, Threshold: 0.050",MODERATE,"BUY: Z-Score=-0.239, Threshold=0.050, Strength=0.144","Z(-0.24), Threshold(0.05/1.64), Vol(0.17)","BUY: Z-Score=-0.239, Threshold=0.050, Strength=0.144",,"Ticker-specific thresholds applied - Buy: 0.050, Sell: 1.643",0.05,1.643,E-Commerce,37:30.1,16,4
bcb9d9e9,29-08-2025 00:37,TSLA,29-08-2025,344.64,599404,1.416258185,-4.504925457,85.74674537,0.415105971,0.255606272,0,HOLD,"HOLD (LOW) - Ticker: TSLA, Z: 1.416, Threshold: 2.324",LOW,"HOLD: Z-Score=1.416, Threshold=2.324, Strength=0.000","Z(1.42), Threshold(0.04/2.32), Vol(0.26)",,,"Ticker-specific thresholds applied - Buy: 0.039, Sell: 2.324",0.039,2.324,Technology,37:52.1,16,10
bcb9d9e9,29-08-2025 00:37,TTD,29-08-2025,54.95,104752,-0.974224723,-22.32011803,592.3602307,0.750396055,0.364946701,-0.152387639,SELL,"SELL (MODERATE) - Ticker: TTD, Z: -0.974, Threshold: -1.279",MODERATE,"SELL: Z-Score=-0.974, Threshold=-1.279, Strength=-0.152","Z(-0.97), Threshold(-1.86/-1.28), Vol(0.36)",,"SELL: Z-Score=-0.974, Threshold=-1.279, Strength=-0.152","Ticker-specific thresholds applied - Buy: -1.858, Sell: -1.279",-1.858,-1.279,Technology,37:42.4,16,9
bcb9d9e9,29-08-2025 00:37,TWLO,29-08-2025,106.3,34229,-0.747906033,-8.365424279,180.4834814,0.763000299,0.456060364,-0.223546984,SELL,"SELL (MODERATE) - Ticker: TWLO, Z: -0.748, Threshold: -1.195",MODERATE,"SELL: Z-Score=-0.748, Threshold=-1.195, Strength=-0.224","Z(-0.75), Threshold(-2.10/-1.20), Vol(0.46)",,"SELL: Z-Score=-0.748, Threshold=-1.195, Strength=-0.224","Ticker-specific thresholds applied - Buy: -2.105, Sell: -1.195",-2.105,-1.195,Technology,37:44.9,16,10
e22dbb69,29-08-2025 20:11,ASAN,29-08-2025,14.635,76755,0.540004655,-0.288605521,9.524137342,0.457063664,0.761586647,-0.750502328,SELL,"SELL (HIGH) - Ticker: ASAN, Z: 0.540, Threshold: -0.961",HIGH,"SELL: Z-Score=0.540, Threshold=-0.961, Strength=-0.751","Z(0.54), Threshold(-2.36/-0.96), Vol(0.76)",,"SELL: Z-Score=0.540, Threshold=-0.961, Strength=-0.751","Ticker-specific thresholds applied - Buy: -2.358, Sell: -0.961",-2.358,-0.961,Technology,11:31.4,16,7
e22dbb69,29-08-2025 20:11,BABA,29-08-2025,134.04,3731686,5.304459159,6.05283574,94.7399188,0.420895408,4.034923494,-1,SELL,"SELL (HIGH) - Ticker: BABA, Z: 5.304, Threshold: 1.643",HIGH,"SELL: Z-Score=5.304, Threshold=1.643, Strength=-1.000","Z(5.30), Threshold(0.05/1.64), Vol(4.03)",,"SELL: Z-Score=5.304, Threshold=1.643, Strength=-1.000","Ticker-specific thresholds applied - Buy: 0.050, Sell: 1.643",0.05,1.643,E-Commerce,11:23.8,16,4
e22dbb69,29-08-2025 20:11,BW,29-08-2025,2.375,222403,3.484622727,0.744935264,4.179677181,0.998736222,1.59073245,-0.101811364,SELL,"SELL (MODERATE) - Ticker: BW, Z: 3.485, Threshold: 3.281",MODERATE,"SELL: Z-Score=3.485, Threshold=3.281, Strength=-0.102","Z(3.48), Threshold(1.12/3.28), Vol(1.59)",,"SELL: Z-Score=3.485, Threshold=3.281, Strength=-0.102","Ticker-specific thresholds applied - Buy: 1.117, Sell: 3.281",1.117,3.281,Technology,11:41.1,16,10
e22dbb69,29-08-2025 20:11,CVNA,29-08-2025,372.805,19951,1.514460373,12.55184283,280.8118824,0.057867311,0.366845075,-1,SELL,"SELL (HIGH) - Ticker: CVNA, Z: 1.514, Threshold: -0.711",HIGH,"SELL: Z-Score=1.514, Threshold=-0.711, Strength=-1.000","Z(1.51), Threshold(-2.04/-0.71), Vol(0.37)",,"SELL: Z-Score=1.514, Threshold=-0.711, Strength=-1.000","Ticker-specific thresholds applied - Buy: -2.035, Sell: -0.711",-2.035,-0.711,E-Commerce,11:26.4,16,5
e22dbb69,29-08-2025 20:11,GOOG,29-08-2025,212.76,253128,1.957716572,1.171750324,15.56811756,0.713746314,0.456779391,0,HOLD,"HOLD (LOW) - Ticker: GOOG, Z: 1.958, Threshold: 2.044",LOW,"HOLD: Z-Score=1.958, Threshold=2.044, Strength=0.000","Z(1.96), Threshold(0.89/2.04), Vol(0.46)",,,"Ticker-specific thresholds applied - Buy: 0.885, Sell: 2.044",0.885,2.044,Technology,11:17.7,16,2
e22dbb69,29-08-2025 20:11,HPE,29-08-2025,22.69,132188,1.907591584,0.556778133,27.2951752,0.786977187,0.166644566,-1,SELL,"SELL (HIGH) - Ticker: HPE, Z: 1.908, Threshold: -0.461",HIGH,"SELL: Z-Score=1.908, Threshold=-0.461, Strength=-1.000","Z(1.91), Threshold(-0.46/-0.46), Vol(0.17)",,"SELL: Z-Score=1.908, Threshold=-0.461, Strength=-1.000","Ticker-specific thresholds applied - Buy: -0.461, Sell: -0.461",-0.461,-0.461,Hardware,11:29.0,16,6
e22dbb69,29-08-2025 20:11,JMIA,29-08-2025,8.785,81636,1.636552193,10.29834811,188.1258521,0.915255065,0.375679871,0,HOLD,"HOLD (LOW) - Ticker: JMIA, Z: 1.637, Threshold: 3.792",LOW,"HOLD: Z-Score=1.637, Threshold=3.792, Strength=0.000","Z(1.64), Threshold(1.22/3.79), Vol(0.38)",,,"Ticker-specific thresholds applied - Buy: 1.222, Sell: 3.792",1.222,3.792,E-Commerce,11:48.9,16,10
e22dbb69,29-08-2025 20:11,MSFT,29-08-2025,506.665,231618,-0.921117894,11.280895,227.8596226,0.292468157,0.411256781,0,HOLD,"HOLD (LOW) - Ticker: MSFT, Z: -0.921, Threshold: -0.717",LOW,"HOLD: Z-Score=-0.921, Threshold=-0.717, Strength=0.000","Z(-0.92), Threshold(-1.19/-0.72), Vol(0.41)",,,"Ticker-specific thresholds applied - Buy: -1.186, Sell: -0.717",-1.186,-0.717,Technology,11:14.8,16,2
e22dbb69,29-08-2025 20:11,PATH,29-08-2025,11.315,175943,-0.235613019,-0.318365132,8.995945172,0.553125575,0.577212279,-0.240693491,SELL,"SELL (MODERATE) - Ticker: PATH, Z: -0.236, Threshold: -0.717",MODERATE,"SELL: Z-Score=-0.236, Threshold=-0.717, Strength=-0.241","Z(-0.24), Threshold(-1.37/-0.72), Vol(0.58)",,"SELL: Z-Score=-0.236, Threshold=-0.717, Strength=-0.241","Ticker-specific thresholds applied - Buy: -1.368, Sell: -0.717",-1.368,-0.717,Technology,11:12.2,16,2
e22dbb69,29-08-2025 20:11,PLTR,29-08-2025,156.6799,1516663,-0.563097373,1.278998058,50.34173806,0.546113898,0.632536921,0,HOLD,"HOLD (LOW) - Ticker: PLTR, Z: -0.563, Threshold: -0.478",LOW,"HOLD: Z-Score=-0.563, Threshold=-0.478, Strength=0.000","Z(-0.56), Threshold(-1.19/-0.48), Vol(0.63)",,,"Ticker-specific thresholds applied - Buy: -1.185, Sell: -0.478",-1.185,-0.478,Technology,11:33.8,16,7
e22dbb69,29-08-2025 20:11,PTON,29-08-2025,7.6965,233597,0.5208368,2.655177324,27.53894998,0.535216007,0.974898641,0,HOLD,"HOLD (LOW) - Ticker: PTON, Z: 0.521, Threshold: 3.508",LOW,"HOLD: Z-Score=0.521, Threshold=3.508, Strength=0.000","Z(0.52), Threshold(0.17/3.51), Vol(0.97)",,,"Ticker-specific thresholds applied - Buy: 0.175, Sell: 3.508",0.175,3.508,Consumer,11:43.5,16,10
e22dbb69,29-08-2025 20:11,RGTI,29-08-2025,16.25,662643,0.721997763,0.03192991,13.06580277,0.02223447,0.30613164,-0.782998882,SELL,"SELL (HIGH) - Ticker: RGTI, Z: 0.722, Threshold: -0.844",HIGH,"SELL: Z-Score=0.722, Threshold=-0.844, Strength=-0.783","Z(0.72), Threshold(-1.01/-0.84), Vol(0.31)",,"SELL: Z-Score=0.722, Threshold=-0.844, Strength=-0.783","Ticker-specific thresholds applied - Buy: -1.006, Sell: -0.844",-1.006,-0.844,Technology,11:06.2,16,1
e22dbb69,29-08-2025 20:11,TSLA,29-08-2025,339.58,1952147,0.970701453,-4.620695178,86.37451629,0.236996144,0.740117428,0,HOLD,"HOLD (LOW) - Ticker: TSLA, Z: 0.971, Threshold: 2.324",LOW,"HOLD: Z-Score=0.971, Threshold=2.324, Strength=0.000","Z(0.97), Threshold(0.04/2.32), Vol(0.74)",,,"Ticker-specific thresholds applied - Buy: 0.039, Sell: 2.324",0.039,2.324,Technology,11:46.2,16,10
e22dbb69,29-08-2025 20:11,NVDA,29-08-2025,175.02,4732914,-0.519800706,-1.347289973,17.0551039,0.138505691,0.539973711,0.209400353,BUY,"BUY (MODERATE) - Ticker: NVDA, Z: -0.520, Threshold: -0.101",MODERATE,"BUY: Z-Score=-0.520, Threshold=-0.101, Strength=0.209","Z(-0.52), Threshold(-0.10/1.64), Vol(0.54)","BUY: Z-Score=-0.520, Threshold=-0.101, Strength=0.209",,"Ticker-specific thresholds applied - Buy: -0.101, Sell: 1.637",-0.101,1.637,Technology,11:20.7,16,3
e22dbb69,29-08-2025 20:11,TTD,29-08-2025,54.775,176733,-0.947163388,-22.22480221,584.7718854,0.769296923,0.498740026,-0.165918306,SELL,"SELL (MODERATE) - Ticker: TTD, Z: -0.947, Threshold: -1.279",MODERATE,"SELL: Z-Score=-0.947, Threshold=-1.279, Strength=-0.166","Z(-0.95), Threshold(-1.86/-1.28), Vol(0.50)",,"SELL: Z-Score=-0.947, Threshold=-1.279, Strength=-0.166","Ticker-specific thresholds applied - Buy: -1.858, Sell: -1.279",-1.858,-1.279,Technology,11:36.2,16,8
e22dbb69,29-08-2025 20:11,TWLO,29-08-2025,105.98,48790,-0.739016515,-8.478664889,182.4738694,0.767474946,0.574888871,-0.227991743,SELL,"SELL (MODERATE) - Ticker: TWLO, Z: -0.739, Threshold: -1.195",MODERATE,"SELL: Z-Score=-0.739, Threshold=-1.195, Strength=-0.228","Z(-0.74), Threshold(-2.10/-1.20), Vol(0.57)",,"SELL: Z-Score=-0.739, Threshold=-1.195, Strength=-0.228","Ticker-specific thresholds applied - Buy: -2.105, Sell: -1.195",-2.105,-1.195,Technology,11:38.7,16,9
46e33e16,30-08-2025 00:35,RGTI,30-08-2025,16.28,44219,0.745217565,0.031285678,13.19210097,0.020623312,0.02313537,-0.794608782,SELL,"SELL (HIGH) - Ticker: RGTI, Z: 0.745, Threshold: -0.844",HIGH,"SELL: Z-Score=0.745, Threshold=-0.844, Strength=-0.795","Z(0.75), Threshold(-1.01/-0.84), Vol(0.02)",,"SELL: Z-Score=0.745, Threshold=-0.844, Strength=-0.795","Ticker-specific thresholds applied - Buy: -1.006, Sell: -0.844",-1.006,-0.844,Technology,35:01.1,16,1
46e33e16,30-08-2025 00:35,PATH,30-08-2025,11.135,37271,-0.494693303,-0.30432781,9.157707158,0.567469033,0.140922992,-0.111153349,SELL,"SELL (MODERATE) - Ticker: PATH, Z: -0.495, Threshold: -0.717",MODERATE,"SELL: Z-Score=-0.495, Threshold=-0.717, Strength=-0.111","Z(-0.49), Threshold(-1.37/-0.72), Vol(0.14)",,"SELL: Z-Score=-0.495, Threshold=-0.717, Strength=-0.111","Ticker-specific thresholds applied - Buy: -1.368, Sell: -0.717",-1.368,-0.717,Technology,35:04.2,16,2
46e33e16,30-08-2025 00:35,MSFT,30-08-2025,508.52,51741,-0.71715796,11.35224057,231.5227265,0.269687032,0.115827759,0,HOLD,"HOLD (LOW) - Ticker: MSFT, Z: -0.717, Threshold: -0.717",LOW,"HOLD: Z-Score=-0.717, Threshold=-0.717, Strength=0.000","Z(-0.72), Threshold(-1.19/-0.72), Vol(0.12)",,,"Ticker-specific thresholds applied - Buy: -1.186, Sell: -0.717",-1.186,-0.717,Technology,35:06.5,16,2
46e33e16,30-08-2025 00:35,GOOG,30-08-2025,214.34,90966,2.065901303,1.16905857,15.47921706,0.767920861,0.170989544,-0.010950651,SELL,"SELL (MODERATE) - Ticker: GOOG, Z: 2.066, Threshold: 2.044",MODERATE,"SELL: Z-Score=2.066, Threshold=2.044, Strength=-0.011","Z(2.07), Threshold(0.89/2.04), Vol(0.17)",,"SELL: Z-Score=2.066, Threshold=2.044, Strength=-0.011","Ticker-specific thresholds applied - Buy: 0.885, Sell: 2.044",0.885,2.044,Technology,35:09.1,16,3
46e33e16,30-08-2025 00:35,NVDA,30-08-2025,174.1058,1315849,-0.723640851,-1.368563114,17.2552685,0.146384751,0.156690671,0.311320426,BUY,"BUY (HIGH) - Ticker: NVDA, Z: -0.724, Threshold: -0.101",HIGH,"BUY: Z-Score=-0.724, Threshold=-0.101, Strength=0.311","Z(-0.72), Threshold(-0.10/1.64), Vol(0.16)","BUY: Z-Score=-0.724, Threshold=-0.101, Strength=0.311",,"Ticker-specific thresholds applied - Buy: -0.101, Sell: 1.637",-0.101,1.637,Technology,35:11.5,16,4
46e33e16,30-08-2025 00:35,BABA,30-08-2025,134.8401,259631,4.331073273,6.017812053,94.43653081,0.626148578,0.175274604,-1,SELL,"SELL (HIGH) - Ticker: BABA, Z: 4.331, Threshold: 1.643",HIGH,"SELL: Z-Score=4.331, Threshold=1.643, Strength=-1.000","Z(4.33), Threshold(0.05/1.64), Vol(0.18)",,"SELL: Z-Score=4.331, Threshold=1.643, Strength=-1.000","Ticker-specific thresholds applied - Buy: 0.050, Sell: 1.643",0.05,1.643,E-Commerce,35:14.0,16,5
46e33e16,30-08-2025 00:35,CVNA,30-08-2025,367.86,52471,1.15001385,12.60785156,284.4971309,0.047887303,1.063243974,-0.930506925,SELL,"SELL (HIGH) - Ticker: CVNA, Z: 1.150, Threshold: -0.711",HIGH,"SELL: Z-Score=1.150, Threshold=-0.711, Strength=-0.931","Z(1.15), Threshold(-2.04/-0.71), Vol(1.06)",,"SELL: Z-Score=1.150, Threshold=-0.711, Strength=-0.931","Ticker-specific thresholds applied - Buy: -2.035, Sell: -0.711",-2.035,-0.711,E-Commerce,35:16.5,16,6
46e33e16,30-08-2025 00:35,HPE,30-08-2025,22.56,113357,1.679455362,0.558796488,27.43938694,0.747348755,0.14980981,-1,SELL,"SELL (HIGH) - Ticker: HPE, Z: 1.679, Threshold: -0.461",HIGH,"SELL: Z-Score=1.679, Threshold=-0.461, Strength=-1.000","Z(1.68), Threshold(-0.46/-0.46), Vol(0.15)",,"SELL: Z-Score=1.679, Threshold=-0.461, Strength=-1.000","Ticker-specific thresholds applied - Buy: -0.461, Sell: -0.461",-0.461,-0.461,Hardware,35:18.9,16,7
46e33e16,30-08-2025 00:35,ASAN,30-08-2025,14.525,24041,0.353495705,-0.284545551,9.636751722,0.433302201,0.224494518,-0.657247852,SELL,"SELL (HIGH) - Ticker: ASAN, Z: 0.353, Threshold: -0.961",HIGH,"SELL: Z-Score=0.353, Threshold=-0.961, Strength=-0.657","Z(0.35), Threshold(-2.36/-0.96), Vol(0.22)",,"SELL: Z-Score=0.353, Threshold=-0.961, Strength=-0.657","Ticker-specific thresholds applied - Buy: -2.358, Sell: -0.961",-2.358,-0.961,Technology,35:21.4,16,8
46e33e16,30-08-2025 00:35,PLTR,30-08-2025,157.379,262765,-0.497053634,1.281137282,50.95751919,0.535312026,0.148928322,0,HOLD,"HOLD (LOW) - Ticker: PLTR, Z: -0.497, Threshold: -0.478",LOW,"HOLD: Z-Score=-0.497, Threshold=-0.478, Strength=0.000","Z(-0.50), Threshold(-1.19/-0.48), Vol(0.15)",,,"Ticker-specific thresholds applied - Buy: -1.185, Sell: -0.478",-1.185,-0.478,Technology,35:23.9,16,8
46e33e16,30-08-2025 00:35,TTD,30-08-2025,54.55,60955,-0.942458096,-22.43154781,596.3088755,0.765466747,0.18897751,-0.168270952,SELL,"SELL (MODERATE) - Ticker: TTD, Z: -0.942, Threshold: -1.279",MODERATE,"SELL: Z-Score=-0.942, Threshold=-1.279, Strength=-0.168","Z(-0.94), Threshold(-1.86/-1.28), Vol(0.19)",,"SELL: Z-Score=-0.942, Threshold=-1.279, Strength=-0.168","Ticker-specific thresholds applied - Buy: -1.858, Sell: -1.279",-1.858,-1.279,Technology,35:26.3,16,9
46e33e16,30-08-2025 00:35,TWLO,30-08-2025,104.965,10499,-0.800784989,-8.552992382,186.0367933,0.772298694,0.147990954,-0.197107505,SELL,"SELL (MODERATE) - Ticker: TWLO, Z: -0.801, Threshold: -1.195",MODERATE,"SELL: Z-Score=-0.801, Threshold=-1.195, Strength=-0.197","Z(-0.80), Threshold(-2.10/-1.20), Vol(0.15)",,"SELL: Z-Score=-0.801, Threshold=-1.195, Strength=-0.197","Ticker-specific thresholds applied - Buy: -2.105, Sell: -1.195",-2.105,-1.195,Technology,35:28.7,16,10
46e33e16,30-08-2025 00:35,BW,30-08-2025,2.235,18081,2.733100815,0.690679854,3.903398709,0.994210724,0.111919164,0,HOLD,"HOLD (LOW) - Ticker: BW, Z: 2.733, Threshold: 3.281",LOW,"HOLD: Z-Score=2.733, Threshold=3.281, Strength=0.000","Z(2.73), Threshold(1.12/3.28), Vol(0.11)",,,"Ticker-specific thresholds applied - Buy: 1.117, Sell: 3.281",1.117,3.281,Technology,35:31.1,16,10
46e33e16,30-08-2025 00:35,PTON,30-08-2025,7.56,9239,0.338076625,2.680549024,28.06214631,0.510398449,0.023967065,0,HOLD,"HOLD (LOW) - Ticker: PTON, Z: 0.338, Threshold: 3.508",LOW,"HOLD: Z-Score=0.338, Threshold=3.508, Strength=0.000","Z(0.34), Threshold(0.17/3.51), Vol(0.02)",,,"Ticker-specific thresholds applied - Buy: 0.175, Sell: 3.508",0.175,3.508,Consumer,35:33.5,16,10
46e33e16,30-08-2025 00:35,TSLA,30-08-2025,332.6362,684552,0.414567672,-4.614431567,87.02341542,0.193361543,0.289342692,0,HOLD,"HOLD (LOW) - Ticker: TSLA, Z: 0.415, Threshold: 2.324",LOW,"HOLD: Z-Score=0.415, Threshold=2.324, Strength=0.000","Z(0.41), Threshold(0.04/2.32), Vol(0.29)",,,"Ticker-specific thresholds applied - Buy: 0.039, Sell: 2.324",0.039,2.324,Technology,35:35.9,16,10
46e33e16,30-08-2025 00:35,JMIA,30-08-2025,8.615,7007,1.476171926,10.39982038,191.9330242,0.887727714,0.05157916,0,HOLD,"HOLD (LOW) - Ticker: JMIA, Z: 1.476, Threshold: 3.792",LOW,"HOLD: Z-Score=1.476, Threshold=3.792, Strength=0.000","Z(1.48), Threshold(1.22/3.79), Vol(0.05)",,,"Ticker-specific thresholds applied - Buy: 1.222, Sell: 3.792",1.222,3.792,E-Commerce,35:38.3,16,10
